order_id,operation_date,operation_time
1102e2e2-955b-4122-a067-b4e79ba5ee86,2024-01-01,2024-01-01 18:22:17.000000
955d4749-ac91-441c-9893-7214390fd22b,2024-01-01,2024-01-01 19:22:38.000000
97f135d3-b7e7-4774-91e1-b0e68029d4e4,2024-01-01,2024-01-01 16:30:06.000000
e3d84610-dbc9-40ac-9e34-df5b2cae0ccf,2024-01-01,2024-01-01 11:11:23.000000
fe267765-1dc9-4931-bac8-d0e84ff481a0,2024-01-01,2024-01-01 22:13:14.000000
c70b2e32-7840-4ac5-9b26-b7fe35dea803,2024-01-01,2024-01-01 12:39:21.000000
c3375853-da1c-4fef-8ea7-d6fe474e9892,2024-01-01,2024-01-01 13:18:27.000000
ffffb746-2afa-43cc-948c-2e62ce598d80,2024-01-01,2024-01-01 17:54:56.000000
65623b24-6e54-4310-9dcb-a60360f76da5,2024-01-01,2024-01-01 20:17:15.000000
e6935e2b-89bf-42dd-864c-ebf830f6ebf6,2024-01-01,2024-01-01 12:50:34.000000
40f0a134-86ec-436b-86e4-fe33f35e7fa9,2024-01-01,2024-01-01 13:54:45.000000
13f3360b-5770-469b-ae57-59c1375c9265,2024-01-01,2024-01-01 14:12:26.000000
2a8cb07e-0790-4b99-b67d-89ff8c5c7b96,2024-01-01,2024-01-01 14:29:22.000000
7039e4ea-3546-4da7-8738-420f96451af5,2024-01-01,2024-01-01 17:15:16.000000
213aba55-67b9-411b-9248-16f289752cbe,2024-01-01,2024-01-01 14:43:18.000000
511174c1-f964-4bbf-8c16-a83e552865f3,2024-01-01,2024-01-01 13:38:20.000000
dff509d2-148e-43b4-b6a4-a7c03b2a7b90,2024-01-01,2024-01-01 22:15:46.000000
e4c9eede-a167-4a1c-8702-f80d3f1cd156,2024-01-01,2024-01-01 12:37:57.000000
57bef2a0-7f9e-4765-95ea-fc6616aaf096,2024-01-01,2024-01-01 13:37:54.000000
d2da42f7-27fe-4856-852e-c583ef9b67d8,2024-01-01,2024-01-01 19:24:52.000000
e922eb3a-fb65-4933-8947-ceaa9a73efb9,2024-01-01,2024-01-01 15:16:47.000000
968dc1c6-1c39-48e0-9833-8a7cf6e9f7d4,2024-01-01,2024-01-01 18:35:46.000000
11a57433-535c-4022-b4a1-70ffee43fd89,2024-01-01,2024-01-01 13:05:17.000000
2c359af5-ed41-404e-b8f3-81cb457af064,2024-01-01,2024-01-01 16:56:02.000000
e78eb3a5-7cec-4840-b414-39ec94fe87a2,2024-01-01,2024-01-01 15:06:35.000000
c0f2e002-7c9c-4715-a30c-2a59e8100d24,2024-01-01,2024-01-01 13:19:35.000000
967ac202-fd81-445c-8186-806b14e02332,2024-01-01,2024-01-01 22:03:13.000000
931c8232-4368-4d3e-9041-b0df213af854,2024-01-01,2024-01-01 21:08:38.000000
2f88faa9-17cc-4c0a-ab8b-017628cab338,2024-01-01,2024-01-01 16:18:25.000000
6a2dd1c5-b368-43aa-b583-663d8713388d,2024-01-01,2024-01-01 21:08:11.000000
89009a93-058d-4ce5-8906-2156f7ff86a3,2024-01-01,2024-01-01 16:33:57.000000
2fe3dc53-e5d4-4850-b95c-1bc1d8dd6e54,2024-01-01,2024-01-01 19:10:08.000000
1b49657a-b289-4da9-9cfd-5e3bbba5bf06,2024-01-01,2024-01-01 17:52:30.000000
5e0e874a-aa36-4cfe-93e2-755d2b212e45,2024-01-01,2024-01-01 15:36:36.000000
cf818597-a999-41a2-b39d-e40abeaf0a9c,2024-01-01,2024-01-01 18:36:58.000000
14edf526-5acb-4292-900f-fd22bcc8fdd2,2024-01-01,2024-01-01 17:58:19.000000
36bdc07c-d266-4f1d-9206-e07b3d0ac05a,2024-01-01,2024-01-01 20:05:02.000000
81b7ca42-f4f7-4131-bf77-f0b8e2c80467,2024-01-01,2024-01-01 18:54:16.000000
9b151158-46c1-4c21-bcd3-0410969572c1,2024-01-01,2024-01-01 17:47:43.000000
b5e67c6b-b491-48a5-8eea-def86c92fe25,2024-01-01,2024-01-01 21:03:37.000000
11c41639-4f52-4962-8438-370ccfe5b513,2024-01-01,2024-01-01 22:05:07.000000
d72f2271-5044-4278-88ec-0f9b9de45def,2024-01-01,2024-01-01 15:02:54.000000
0a421c9a-7999-4f32-b6e3-836861603c04,2024-01-01,2024-01-01 12:49:31.000000
b921dc0b-5748-4ce2-81f9-0f9580f55f4e,2024-01-01,2024-01-01 20:01:33.000000
2bc10704-75a3-458e-bde0-ee4dca97be51,2024-01-01,2024-01-01 14:31:13.000000
f4f42734-f305-4752-bdf6-93b551d61fee,2024-01-01,2024-01-01 13:16:19.000000
5d60878d-c5c7-4bdc-8e32-06a0e46e0f2c,2024-01-01,2024-01-01 17:33:54.000000
362ff2a6-1949-4266-aa96-94c13667a6dd,2024-01-01,2024-01-01 12:19:31.000000
00e7cb01-fed1-4301-844f-fa9138918cf4,2024-01-01,2024-01-01 13:29:31.000000
861387cc-0590-4743-be11-79e688af3f1f,2024-01-01,2024-01-01 15:42:16.000000
c9a7ff1b-f2c7-4639-8c97-fcd6e35d6c25,2024-01-01,2024-01-01 11:29:49.000000
18db4418-ce4b-4a4d-8432-99bb7c0b13b4,2024-01-01,2024-01-01 18:32:14.000000
a3804a38-dc76-4151-9d3a-31c30a8fa2e4,2024-01-01,2024-01-01 11:37:28.000000
ca9b2e44-a6a8-4097-bdd2-594cab5c3cde,2024-01-01,2024-01-01 21:37:02.000000
3cceca37-2145-439e-ae60-fdd9025e308e,2024-01-01,2024-01-01 13:15:35.000000
e9a07484-b8d1-4014-ac26-b329e0922903,2024-01-01,2024-01-01 15:36:26.000000
0ee23cba-c0df-43dc-8f10-336ab48dc38c,2024-01-01,2024-01-01 14:52:28.000000
0457c73d-aa44-41cb-afcb-7ecc69657330,2024-01-01,2024-01-01 15:22:48.000000
b8973570-14d1-49f8-8587-ede3b09748f0,2024-01-01,2024-01-01 12:31:42.000000
02bc304d-cd1f-4962-a0a5-31c8f46154b7,2024-01-01,2024-01-01 22:13:01.000000
f02b7825-0ced-4735-801c-dd1a9360f092,2024-01-01,2024-01-01 12:36:20.000000
e9b78b4b-5bde-4944-88b2-2e8dd69abdaa,2024-01-01,2024-01-01 20:24:55.000000
8ce19e02-46bd-42d5-9f61-df1f274e52b5,2024-01-01,2024-01-01 12:06:24.000000
d5f5db6a-1de4-4b9c-af43-44e999539105,2024-01-01,2024-01-01 12:17:10.000000
eaf2d2f3-426b-4d05-9ff4-871d39d06789,2024-01-01,2024-01-01 13:15:49.000000
974caf8c-4ce1-4ae3-944f-9388516f3e26,2024-01-01,2024-01-01 13:18:21.000000
4f986a5f-6a26-4c70-8fde-0f37c16380d0,2024-01-01,2024-01-01 14:42:50.000000
1d2f08f4-b925-4330-a743-160cfb91781f,2024-01-01,2024-01-01 16:33:23.000000
996f41e2-92d1-4cf8-8cae-f3b716f7e450,2024-01-01,2024-01-01 15:30:11.000000
c5733d86-dcea-4eaf-aeb8-6d4e8d0beacb,2024-01-01,2024-01-01 17:54:31.000000
7780b9e3-6f34-4828-b8ec-9fb12ab66e58,2024-01-01,2024-01-01 14:02:08.000000
228b9c33-ced0-4039-9c2f-9aeef20c10b4,2024-01-01,2024-01-01 21:24:54.000000
b23f1670-f452-4574-84f1-8f01bc19b70b,2024-01-01,2024-01-01 12:20:39.000000
7fe10c89-7117-4ae0-bde8-958b893f9e26,2024-01-01,2024-01-01 19:17:17.000000
0421f780-e192-4d2e-aee0-eaa8964e6e54,2024-01-01,2024-01-01 13:36:18.000000
9f94e1bc-071e-4a69-ae4d-73d6beda4d62,2024-01-01,2024-01-01 12:53:04.000000
1ccc2eb4-3ba2-43c0-8452-f307214b941c,2024-01-01,2024-01-01 20:28:18.000000
4ddc5507-4a43-439e-b3df-28907ff0dabc,2024-01-01,2024-01-01 13:33:14.000000
d65f0a46-d9fd-4703-ae08-df976d3f40a8,2024-01-01,2024-01-01 18:25:19.000000
cc511abf-5e33-4dd2-85bc-ea4412882d03,2024-01-01,2024-01-01 21:26:37.000000
6189da24-15e5-46b4-9527-553e6dbf4405,2024-01-01,2024-01-01 18:23:17.000000
74b3dd0d-b6b7-4cff-96dc-73f0c991b131,2024-01-01,2024-01-01 15:25:14.000000
6aacbafa-433d-4d24-a4f3-0e2f45a43fed,2024-01-01,2024-01-01 22:15:31.000000
12e7d531-4ab1-436d-8d39-929d51f6830b,2024-01-01,2024-01-01 12:39:33.000000
e218e7ee-fa84-4386-a186-c2dabf8202a6,2024-01-01,2024-01-01 14:08:50.000000
871524d0-26f6-4d38-b94b-38f7093341ab,2024-01-01,2024-01-01 15:23:13.000000
34c326b5-6f11-4bed-8b27-37b64d8e63db,2024-01-01,2024-01-01 17:33:52.000000
1711aaa0-8cc7-4141-98e5-84c32e3e3330,2024-01-01,2024-01-01 14:27:26.000000
0bb08444-42a9-40c4-bdef-0b4ea4f707c0,2024-01-01,2024-01-01 17:19:13.000000
2352ae17-584b-4201-bb4e-57f12a8c3115,2024-01-01,2024-01-01 15:40:28.000000
60e8e09e-108a-4396-8506-7be8ab8e5741,2024-01-01,2024-01-01 16:14:47.000000
d9c7788e-71d4-40ca-b75c-ecb9e0ac232b,2024-01-01,2024-01-01 17:33:31.000000
a42efc40-e89f-41ce-a827-89f9aaca6cbc,2024-01-01,2024-01-01 18:11:01.000000
20bd4102-421e-42e8-9464-a06e947a792c,2024-01-01,2024-01-01 16:27:42.000000
111677a5-d545-457e-b4ec-14569d153792,2024-01-01,2024-01-01 17:34:16.000000
041458dc-c7c9-421c-944d-42718b2b507e,2024-01-01,2024-01-01 15:30:25.000000
482596fd-c035-4a77-86bd-f0254bd40740,2024-01-01,2024-01-01 13:44:09.000000
03052c76-1f34-4cca-a597-8e62d946ae5d,2024-01-01,2024-01-01 12:57:47.000000
57886551-1170-4417-8f77-1663e9b2b8a8,2024-01-01,2024-01-01 16:00:09.000000
810ba837-0bc2-4ad0-bb62-95a8ea0438c5,2024-01-01,2024-01-01 21:32:26.000000
b5b97eee-3c2a-4db9-99e7-58b50e393829,2024-01-01,2024-01-01 19:53:41.000000
dd3444f0-bdaa-4bfb-91e5-fc709586611f,2024-01-01,2024-01-01 20:17:08.000000
9b0895c3-7f7f-41a6-840d-9bdcaff5f528,2024-01-01,2024-01-01 21:27:08.000000
fb51198b-3f01-4439-b2a6-38a679137dca,2024-01-01,2024-01-01 20:40:13.000000
52b95a65-3132-4d85-98a0-69cc47da2ba5,2024-01-01,2024-01-01 12:48:03.000000
25be4a80-e92a-4644-88e8-d753d7aa240a,2024-01-01,2024-01-01 14:02:25.000000
a1c7cf31-16e8-4c7f-9599-43c4d0dcf751,2024-01-01,2024-01-01 14:16:07.000000
750b9509-a590-499a-8eb4-01f7e9639e9b,2024-01-01,2024-01-01 18:31:01.000000
36eb81c1-86af-401f-b244-40ea4e8d53db,2024-01-01,2024-01-01 13:14:16.000000
c31a2e1d-4379-43e3-8491-fc63ba387b19,2024-01-01,2024-01-01 18:20:40.000000
b7781d2c-eb12-4d31-9d79-4a2c136f14f2,2024-01-01,2024-01-01 16:45:26.000000
c6cccceb-b75e-4eb8-a6d5-f3e459c8af4c,2024-01-01,2024-01-01 19:31:40.000000
61605000-e430-4732-a217-80728e87c2f8,2024-01-01,2024-01-01 18:57:35.000000
4f3523ed-5e3a-4a78-bb04-0423060b76f8,2024-01-01,2024-01-01 14:39:46.000000
47d2e668-1fca-4560-abc0-016653da204c,2024-01-01,2024-01-01 22:37:03.000000
9728cc1e-59a0-4735-8c79-fb9faed14761,2024-01-01,2024-01-01 15:27:21.000000
de72d765-6c2a-4a78-976a-7656ff35c701,2024-01-01,2024-01-01 17:01:54.000000
df94b7c7-f697-48e4-8f39-2df8d542c14a,2024-01-01,2024-01-01 13:18:14.000000
5295e56f-1f34-43e3-a551-2661a57f2a70,2024-01-01,2024-01-01 16:28:37.000000
b56f1003-87dc-48dd-8ef5-4eaea9378b68,2024-01-01,2024-01-01 15:03:43.000000
c245b296-2cbd-4f3a-a681-a544641da57d,2024-01-01,2024-01-01 18:38:47.000000
9ecfe801-1a25-4410-b24f-7a765825c74d,2024-01-01,2024-01-01 22:27:18.000000
1c4f3336-6695-49a3-9b8f-598a72b1260c,2024-01-01,2024-01-01 15:06:16.000000
9bf54331-9974-4a4a-835f-c60fe39a4d7a,2024-01-01,2024-01-01 17:28:55.000000
6a9e5e60-1778-4aea-947f-644417a9fdcc,2024-01-01,2024-01-01 11:42:12.000000
465bc27d-7f9d-4894-ba37-3bc097b94178,2024-01-01,2024-01-01 22:42:04.000000
3f9fed95-22f4-46fd-a59e-695472889853,2024-01-01,2024-01-01 17:25:46.000000
65283904-26d1-40ec-a308-40d1fff9e208,2024-01-01,2024-01-01 17:09:27.000000
11c574f2-c12a-4dd2-aa2d-e46d41c0e854,2024-01-01,2024-01-01 13:01:14.000000
3476ad26-f04f-4786-b58e-87c7d105a865,2024-01-01,2024-01-01 12:54:08.000000
abe50f70-6d7e-47e8-b1f9-07ed17d3d786,2024-01-01,2024-01-01 13:16:39.000000
dc7e544d-bee3-45f4-8210-4d2b54059572,2024-01-01,2024-01-01 12:03:40.000000
9d4ed1dc-a751-4250-8047-39b326b6b03e,2024-01-01,2024-01-01 11:24:59.000000
71496c0e-df94-439e-a4d0-7fd09276da47,2024-01-01,2024-01-01 16:55:25.000000
6f2bb474-48a3-4cd1-b5ce-64cd20410cda,2024-01-01,2024-01-01 15:05:35.000000
1c76240d-a6aa-4330-9e5c-63d5c3b5890b,2024-01-01,2024-01-01 20:38:13.000000
51bfb098-43f0-40c8-b2bf-79f990979342,2024-01-01,2024-01-01 19:49:07.000000
216de97b-99df-469d-8065-e8a54eb47b28,2024-01-01,2024-01-01 12:35:15.000000
6d28e0e9-5417-48be-a7a1-dd1ca67be690,2024-01-01,2024-01-01 18:35:34.000000
5369373b-d001-4b42-bb32-4f6f493ec72a,2024-01-01,2024-01-01 19:22:54.000000
e1a9f2e9-8401-4546-805d-d8bda773daf1,2024-01-01,2024-01-01 17:38:07.000000
5dda3eb1-901f-4eb7-9596-664fefb75014,2024-01-01,2024-01-01 20:51:02.000000
ed48cbb8-04bd-4a40-b040-79a5a96fea4f,2024-01-01,2024-01-01 16:37:00.000000
6bc9fc2c-0cf4-4c68-9792-6d0e0869c91c,2024-01-01,2024-01-01 19:48:08.000000
30c3c62c-a3d5-40a0-9731-5ce3015cf41e,2024-01-01,2024-01-01 13:46:54.000000
6322c4bf-1c5f-459f-9176-2f735944d325,2024-01-01,2024-01-01 17:21:36.000000
35c9c983-e7fb-4eab-a375-8cb0b92245f5,2024-01-01,2024-01-01 14:51:30.000000
f1a84aed-b575-4301-aabd-24c0e7adc083,2024-01-01,2024-01-01 13:45:33.000000
7e8b4545-921f-4349-8b22-b2e45d0696d0,2024-01-01,2024-01-01 19:02:14.000000
9ff9d383-c57c-4743-93b1-85c06eded9e6,2024-01-01,2024-01-01 13:07:51.000000
52a48534-db3d-4a8b-a4ea-705870b9ca84,2024-01-01,2024-01-01 20:38:44.000000
ffe29b68-88dc-4dee-8a0b-52b0e788f4c6,2024-01-01,2024-01-01 11:41:35.000000
83d44d53-4c18-4a5b-8bad-9bd26dcdc8da,2024-01-01,2024-01-01 13:28:00.000000
d59bb2c2-a4fc-409e-b4a4-76f1a7300a7e,2024-01-01,2024-01-01 15:08:00.000000
858753f0-7271-4107-b154-f48689283f30,2024-01-01,2024-01-01 17:47:01.000000
cc321716-532e-42f6-a83c-84502304b709,2024-01-01,2024-01-01 19:29:54.000000
6eb99437-27e2-4ceb-9426-c19d81d8904c,2024-01-01,2024-01-01 14:44:16.000000
8905fe2e-1c15-4edf-bd19-67464a4b76ac,2024-01-01,2024-01-01 17:53:38.000000
ab094924-6c02-4081-a14b-e7c1ceff3bdf,2024-01-01,2024-01-01 15:33:13.000000
72003be0-ebaf-4177-a9fc-dc352365bfb3,2024-01-01,2024-01-01 19:56:18.000000
a7c5f2d8-05b3-4f4b-b6d0-43b869bb374f,2024-01-01,2024-01-01 12:21:28.000000
50e50f19-b9ee-4cdf-8c98-60c418d1d18f,2024-01-01,2024-01-01 11:15:00.000000
3024add8-83c7-4440-9740-877cb1188e15,2024-01-01,2024-01-01 15:43:16.000000
7bf44c9b-97da-43f3-8fe0-b51e1e5e339d,2024-01-01,2024-01-01 15:08:27.000000
ea3ba358-dc71-4ba9-803e-ddbfdfda4cc0,2024-01-01,2024-01-01 11:42:38.000000
115cff29-98b6-4fb0-9f6f-10602ea55137,2024-01-01,2024-01-01 22:09:17.000000
a23c246b-3ec4-427e-9adb-436253e5f942,2024-01-01,2024-01-01 15:09:37.000000
1c4cd471-1280-446b-b69e-d31e3fd3c0c1,2024-01-01,2024-01-01 19:38:20.000000
ab389fe0-05f7-423c-b116-f1f8448abe65,2024-01-01,2024-01-01 16:37:27.000000
676dff83-6ed1-4307-a084-fbff6668c2ea,2024-01-01,2024-01-01 14:10:40.000000
0905844c-6e90-4bb7-999c-8bc44c2f2e74,2024-01-01,2024-01-01 22:14:22.000000
2b601312-ccb9-46f8-81c9-3cc686742dcf,2024-01-01,2024-01-01 13:40:44.000000
70fed81c-d834-4306-ac2d-96e7c3d6d811,2024-01-01,2024-01-01 16:35:45.000000
b2e0f9b8-1093-47a2-9d75-4be845bd3285,2024-01-01,2024-01-01 15:37:22.000000
bb982e44-fa05-41aa-b6d0-c2e6c8ff1fda,2024-01-01,2024-01-01 13:19:55.000000
b4444a9f-239f-4c33-b8f1-b251e69a0c54,2024-01-01,2024-01-01 16:02:22.000000
e482ab86-190c-4c71-9fc5-6d5d7939d406,2024-01-01,2024-01-01 18:56:29.000000
69e3d558-053c-49b7-b334-df8f28d210ee,2024-01-01,2024-01-01 17:12:48.000000
f86ff367-8389-4630-b058-59d3e112ce7d,2024-01-01,2024-01-01 19:01:41.000000
1a53347b-0ad7-4b52-92b6-2559076dcd19,2024-01-01,2024-01-01 20:07:22.000000
7437dc3a-3de7-4e8d-934c-f1cc73acb187,2024-01-01,2024-01-01 14:32:14.000000
336ff6b7-fd72-41e2-bca1-0c3868c8770c,2024-01-01,2024-01-01 15:48:52.000000
c6b86990-f742-4c86-a879-44a7c0b63f43,2024-01-01,2024-01-01 23:14:41.000000
a12c4afb-07b4-457e-9d26-8d2d5bfcba79,2024-01-01,2024-01-01 13:59:11.000000
960d539e-e003-4c81-a9d4-2fac14e840f6,2024-01-01,2024-01-01 15:56:38.000000
b3672a87-1b7f-4684-b42b-0e05d8221d0a,2024-01-01,2024-01-01 22:26:04.000000
9f9fb2fa-4636-4252-bcf2-35f35a2756f8,2024-01-01,2024-01-01 21:14:59.000000
9e4cf250-9b6b-4784-abef-9f8034021776,2024-01-01,2024-01-01 19:44:26.000000
7a169d71-1e68-40a5-84b8-0c98abf7cd9b,2024-01-01,2024-01-01 14:34:56.000000
389dd8cf-ed68-4d9e-80f1-6c48b44a4d73,2024-01-01,2024-01-01 13:37:48.000000
4ac72699-d7f8-4bce-abc5-57e4eb1a9e04,2024-01-01,2024-01-01 18:02:32.000000
12011315-33a7-4f88-8762-df07f5d5c920,2024-01-01,2024-01-01 19:22:14.000000
6fa980cc-4487-4c48-8c42-fc51780fbfb6,2024-01-01,2024-01-01 12:54:13.000000
6b656d84-5969-438e-b644-f9cec30706f1,2024-01-01,2024-01-01 18:47:23.000000
e709f16b-6b9a-49ff-b1e9-b411068b5728,2024-01-01,2024-01-01 18:20:58.000000
ab93c70c-f2d8-41e2-8ac0-9a11c1639e54,2024-01-01,2024-01-01 20:50:37.000000
bb282930-ea9a-4405-ac50-6770bc7f2754,2024-01-01,2024-01-01 15:05:22.000000
fc7ec7f8-8ee2-482c-a8f7-31637614498c,2024-01-01,2024-01-01 17:59:21.000000
f9d5330d-48f6-490c-8096-ab70ce4657e9,2024-01-01,2024-01-01 19:00:46.000000
aa247182-d786-49de-8627-d7bca99a4c2a,2024-01-01,2024-01-01 14:52:41.000000
de59f2b0-c41c-4dd8-a758-9d7a1e04e721,2024-01-01,2024-01-01 23:01:01.000000
7dd2f56e-cec7-457a-940e-f53338bf5168,2024-01-01,2024-01-01 11:44:31.000000
04cd027e-f0c6-458f-b298-c8bc40299d56,2024-01-01,2024-01-01 11:51:20.000000
e9c7a870-7aff-428e-bedc-8a98c55d2b04,2024-01-01,2024-01-01 21:14:59.000000
ebc9f577-7ac7-43aa-ac95-85921e489a33,2024-01-01,2024-01-01 19:37:13.000000
26fba4b8-d750-40a7-9646-b611602b0cfc,2024-01-01,2024-01-01 12:01:19.000000
2c97a615-df77-4854-b28a-dfed33582010,2024-01-01,2024-01-01 20:52:05.000000
bcb9540a-d284-47dd-9136-da0dff668a87,2024-01-01,2024-01-01 15:52:22.000000
d393fd67-1987-4505-90e7-26c484815241,2024-01-01,2024-01-01 12:52:47.000000
b932229d-1e93-4c24-847c-278d5dd54aaf,2024-01-01,2024-01-01 15:56:16.000000
a7eddb7a-c654-4a76-becd-cd9e5261fbfd,2024-01-01,2024-01-01 11:57:13.000000
f4a673e0-e2d2-4d11-aea2-cc15c2f25c65,2024-01-01,2024-01-01 11:27:48.000000
45e80338-6158-41d5-9d09-04f9eaff07c1,2024-01-01,2024-01-01 17:34:28.000000
81b7b996-cbee-4fb1-bbf0-4386017eb184,2024-01-01,2024-01-01 16:09:34.000000
115f4703-3e52-4c83-af45-0918facb48cc,2024-01-01,2024-01-01 20:46:57.000000
870157dc-7455-41cf-9717-90f37dfc6546,2024-01-01,2024-01-01 13:37:32.000000
8e54c148-999c-4128-8bdd-0a3f2b1bef09,2024-01-01,2024-01-01 21:53:24.000000
a257bafe-5338-4445-a784-7528143b879f,2024-01-01,2024-01-01 15:10:22.000000
d3b61190-33c4-4a80-aff7-eb41333c9e77,2024-01-01,2024-01-01 16:56:50.000000
b79ceaf8-8c48-4638-8f0a-f3993e46369a,2024-01-01,2024-01-01 13:25:40.000000
cdc03e2e-eee3-4004-a6be-08f8b3bdb002,2024-01-01,2024-01-01 19:30:30.000000
191a104a-d2d8-4cc5-94db-5bbf73ef35ab,2024-01-01,2024-01-01 17:51:59.000000
6eb86d9a-52cf-4d31-a6d2-7ffd381f3b7f,2024-01-01,2024-01-01 19:56:25.000000
ad241694-3b60-4de2-afee-774417f76c1f,2024-01-01,2024-01-01 15:19:53.000000
4db4a8b8-9a12-4d01-97ec-a1e22895a3eb,2024-01-01,2024-01-01 14:23:35.000000
91df94f1-5393-4eae-88d6-be7c601863b0,2024-01-01,2024-01-01 21:14:10.000000
49136cbf-911a-40c5-a6f1-ab56ab621b2f,2024-01-01,2024-01-01 16:01:15.000000
7eeeab09-87d7-40f5-8b1b-8ede22dae172,2024-01-01,2024-01-01 19:31:40.000000
47aac0f0-007e-45a5-8fa9-24c4b8be104a,2024-01-01,2024-01-01 20:30:27.000000
23071ffa-cff0-43b0-b60e-aed148256432,2024-01-01,2024-01-01 17:15:45.000000
604a33bc-205d-4df8-a1bc-1a1ec0349aba,2024-01-01,2024-01-01 22:21:19.000000
6c3e1158-17c6-4766-ac74-b558a8ea530d,2024-01-01,2024-01-01 14:51:54.000000
4d16ea2a-7681-4e83-ad6c-0acff1b4734d,2024-01-01,2024-01-01 19:08:33.000000
8cd74ac1-592b-460c-9857-e082967ef484,2024-01-01,2024-01-01 13:01:57.000000
da25f2af-8188-407d-aa86-90012c68d9f9,2024-01-01,2024-01-01 18:54:16.000000
cd1042f2-b832-4d60-994e-1c3a359ddaa1,2024-01-01,2024-01-01 16:39:47.000000
77c104b2-f83a-47d6-8d5c-191f6c7d657d,2024-01-01,2024-01-01 22:09:23.000000
96469d3f-d0a9-4026-835a-7f54cae4a6de,2024-01-01,2024-01-01 20:27:04.000000
eb54c97e-8f21-444f-b451-6032e64c12d2,2024-01-01,2024-01-01 15:00:21.000000
6d073c04-7d42-4214-a8fe-b04f81a35324,2024-01-01,2024-01-01 11:58:05.000000
a3e3893a-5fda-425d-bd99-550957620a2f,2024-01-01,2024-01-01 13:49:10.000000
49604290-f764-4675-b33d-8da7dbbb7f95,2024-01-01,2024-01-01 12:32:32.000000
612453b7-4825-4a4a-9c93-bba48a9b9f18,2024-01-01,2024-01-01 12:43:27.000000
37f2142f-9820-444b-bd46-bc78705a2ff3,2024-01-01,2024-01-01 14:22:24.000000
e2453bc5-ba7d-46d8-92d9-80f17093e521,2024-01-01,2024-01-01 20:27:51.000000
d8e6eb31-4361-4c41-89b6-bd3f5788f561,2024-01-01,2024-01-01 17:10:02.000000
96e8b9a2-b3f5-4fc8-b795-850740f75709,2024-01-01,2024-01-01 18:02:54.000000
aa01ea05-cd1f-46b6-aa4f-21cfb4ef9f86,2024-01-01,2024-01-01 18:23:58.000000
796abac2-4aef-4fb4-b69e-91e6e53576bb,2024-01-01,2024-01-01 17:57:13.000000
e7413a06-c6e8-4c25-bb3f-8d51ea013d84,2024-01-01,2024-01-01 15:11:25.000000
0dd39077-4963-4841-934f-5f5467d88edd,2024-01-01,2024-01-01 16:58:38.000000
7869c299-4cc0-473d-974b-ed81161a8763,2024-01-01,2024-01-01 16:25:09.000000
bf3173b9-1f47-490e-a9bd-c62960735898,2024-01-01,2024-01-01 16:01:34.000000
dfef12c1-9934-4bf0-859c-eebe5230d1c7,2024-01-01,2024-01-01 15:04:49.000000
aa675032-a045-4505-9b44-0a38351ebac2,2024-01-01,2024-01-01 18:18:22.000000
88bf71a0-1d98-4501-82ae-feaf22fbfbaa,2024-01-01,2024-01-01 18:23:31.000000
07c759c6-907b-486e-9961-9a5590c098b2,2024-01-01,2024-01-01 17:55:11.000000
148f247e-daa5-48a3-9349-f5bce4fb5b71,2024-01-01,2024-01-01 18:01:01.000000
ddb40269-7976-4f18-bd51-8c342edc7eb5,2024-01-01,2024-01-01 21:17:37.000000
0dfdd641-c06c-415c-9424-c202de2e6aa4,2024-01-01,2024-01-01 11:01:05.000000
fb72a0d1-b5af-4ecf-8a67-463aa8d63a88,2024-01-01,2024-01-01 14:43:31.000000
ea0ab5c7-6ac4-42fb-8c25-098ffc3c36ec,2024-01-01,2024-01-01 21:35:59.000000
c72f5bd0-807f-4a8c-85f4-e67f031e61bf,2024-01-01,2024-01-01 12:56:04.000000
c977b763-8058-4ef0-b6da-2436bb281b74,2024-01-01,2024-01-01 16:14:13.000000
ff0d0be5-a2f8-4fe8-87b3-477eed2cd3c3,2024-01-01,2024-01-01 20:43:52.000000
5084816d-ee75-4fea-908c-fd5a6e1c5c60,2024-01-01,2024-01-01 19:16:37.000000
9be0648f-a7c4-4d9a-af0e-57763da264f1,2024-01-01,2024-01-01 14:44:47.000000
f7aa4e49-c90a-4945-825b-dc2932ef64d4,2024-01-01,2024-01-01 18:49:45.000000
d89f6d70-707f-4cea-8c58-5b091ff527c9,2024-01-01,2024-01-01 15:28:39.000000
bfdbf995-3eac-4691-911c-31725def23d3,2024-01-01,2024-01-01 12:44:37.000000
950d216a-03ee-46ef-8962-ed7e12235fc1,2024-01-01,2024-01-01 18:01:17.000000
315da161-8a36-4c31-9800-0d9272229428,2024-01-01,2024-01-01 14:02:43.000000
8d166b60-2704-4299-8476-88d35925c4f2,2024-01-01,2024-01-01 12:38:19.000000
2400d0c0-9338-4e31-b6e7-32192b072b14,2024-01-01,2024-01-01 17:34:12.000000
955afea5-15f3-4f5f-849d-08084cd5fede,2024-01-01,2024-01-01 18:23:52.000000
0a5201b1-c575-42b5-aeca-edf85ad048ed,2024-01-01,2024-01-01 12:25:16.000000
0ae62bda-4f34-4539-9469-516f8aa31328,2024-01-01,2024-01-01 18:06:39.000000
9b042082-0028-422f-bb5d-b3d4efd088b0,2024-01-01,2024-01-01 13:11:51.000000
30f53676-f726-408d-bf55-c013f4925781,2024-01-01,2024-01-01 20:11:47.000000
95181cdb-50e4-4c46-93ba-f2057453972c,2024-01-01,2024-01-01 19:53:38.000000
dd0b7439-6ab0-44ce-8261-34c34bbd4a2e,2024-01-01,2024-01-01 16:51:26.000000
ad4342e5-27ab-41e2-9b62-9f63b92bc268,2024-01-01,2024-01-01 20:31:39.000000
f409ca21-23b0-4ab1-88c3-da7800725cb8,2024-01-01,2024-01-01 16:43:52.000000
78490829-f2e7-4727-8fba-d90561f69b06,2024-01-01,2024-01-01 18:36:42.000000
00fe1b16-1af1-4618-af60-c3ae47706812,2024-01-01,2024-01-01 15:14:19.000000
332f1c16-d60b-4db7-9bfd-4fdc5b3c2ad7,2024-01-01,2024-01-01 14:06:01.000000
0e563b33-cedb-480f-9cfb-c3c5e4a91e7d,2024-01-01,2024-01-01 14:44:54.000000
f3170703-cac2-4855-825c-4a9dadd0207c,2024-01-01,2024-01-01 19:58:21.000000
f3e86e58-d845-4dca-8abc-4b660e3e60f3,2024-01-01,2024-01-01 13:44:09.000000
01a331b7-d23b-4e0d-ab25-0d05c9d15e3b,2024-01-01,2024-01-01 13:50:43.000000
c1fcbcbe-a91a-40ff-8876-3e06794d2048,2024-01-01,2024-01-01 18:34:39.000000
f6ff0c8f-3b37-4962-9519-44694043e3fe,2024-01-01,2024-01-01 12:19:21.000000
186970a5-fb02-4df6-90f9-e2f3d81e2bf3,2024-01-01,2024-01-01 14:32:03.000000
ac1bb60b-ad06-43b7-b61e-6793d25040e9,2024-01-01,2024-01-01 18:03:46.000000
88abbf5d-db63-423e-b793-8059bc07acf5,2024-01-01,2024-01-01 12:14:19.000000
d4d1eac1-8fbd-41d7-8f84-7f4a5661b2f5,2024-01-01,2024-01-01 21:10:12.000000
ac3435a1-d7e2-45c9-92df-8bf2419e3960,2024-01-01,2024-01-01 12:48:10.000000
ee9e83ad-b920-4397-963a-5441d87fb2d5,2024-01-01,2024-01-01 15:02:44.000000
1a03616d-3eb3-48d7-b370-1de1bb4c76f0,2024-01-01,2024-01-01 18:03:32.000000
d65888ec-a29c-4582-8483-d83cb671be5e,2024-01-01,2024-01-01 16:40:13.000000
bcd9c1ca-5745-4184-b936-5510cf06ea47,2024-01-01,2024-01-01 13:47:13.000000
585e2eae-0b6e-4c60-9aa0-f2b6c6a92736,2024-01-01,2024-01-01 21:24:18.000000
2a83305a-042d-40bd-bb83-1c44a569c3d8,2024-01-01,2024-01-01 20:48:06.000000
4e14cc50-518b-468b-831f-6172e35821b6,2024-01-01,2024-01-01 11:10:00.000000
bfbf5dd3-9cb7-4af7-bce9-e9ee259c976c,2024-01-01,2024-01-01 19:37:17.000000
80e3bae5-de70-4225-9f0e-62ea1903c9f9,2024-01-01,2024-01-01 13:48:52.000000
c32106d8-0f8b-4ede-94e1-6d94ea8ca408,2024-01-01,2024-01-01 13:31:54.000000
02a785c3-9127-49bb-bdeb-9c24ca73ec7e,2024-01-01,2024-01-01 13:19:11.000000
e99a2696-37bd-47fa-a3a6-0ce585fcbc37,2024-01-01,2024-01-01 12:54:54.000000
a7684abd-387b-4287-a948-9a9affa980e5,2024-01-01,2024-01-01 11:13:14.000000
56c9562d-bb9d-41d4-a8cb-5b02a127627c,2024-01-01,2024-01-01 16:55:27.000000
7cb5ce5f-a9dc-44df-8d61-269245e33754,2024-01-01,2024-01-01 13:36:24.000000
0c0eff83-1dfc-4181-82db-7effde185b07,2024-01-01,2024-01-01 17:02:11.000000
bdecedce-c4d8-4bc8-9dc8-5c393265b6cb,2024-01-01,2024-01-01 15:41:11.000000
dfa40891-b1cb-4f08-9385-24faa8bc3453,2024-01-01,2024-01-01 15:40:11.000000
dcb55524-f862-4bd4-958e-e36b9a00d3ce,2024-01-01,2024-01-01 20:50:34.000000
6c0515ef-dcc1-450a-8a9d-37669d979269,2024-01-01,2024-01-01 10:28:28.000000
2a782ca2-2c98-4bc8-8edf-5c8b5c3c21f5,2024-01-01,2024-01-01 17:55:59.000000
32bc0d89-1be5-4f19-9895-fc8515589d38,2024-01-01,2024-01-01 12:56:10.000000
0835e4d2-6cf3-4a35-8768-331917f2ff47,2024-01-01,2024-01-01 21:18:31.000000
a692b258-ba4c-4a15-b8b2-65f373c2c53b,2024-01-01,2024-01-01 17:17:35.000000
feec2bc4-938b-4359-b12e-9f3526cd4724,2024-01-01,2024-01-01 12:05:40.000000
f539aac3-17fd-4969-8e3c-744e49a01f88,2024-01-01,2024-01-01 19:32:42.000000
0c2616cf-838c-4f22-b629-3f866eb1f200,2024-01-01,2024-01-01 20:08:06.000000
53a2163f-6570-458b-a3ee-b7fd9defc3c1,2024-01-01,2024-01-01 19:23:14.000000
fdae9434-3b3c-4d19-9b00-836ee474fcf3,2024-01-01,2024-01-01 11:29:10.000000
495162f2-ff2b-4ee5-b523-a0b22677f85e,2024-01-01,2024-01-01 20:22:05.000000
8e0816ad-3650-47e5-a18c-f9028c3c70ef,2024-01-01,2024-01-01 14:57:11.000000
6a8dac81-ed7a-4301-b352-792ba1e80390,2024-01-01,2024-01-01 11:06:41.000000
4d6abe4c-c9b6-4013-bee4-2baf2f537dfb,2024-01-01,2024-01-01 14:44:20.000000
f5061a5a-f96f-4dd8-99d6-9acbecb1fdff,2024-01-01,2024-01-02 20:04:26.000000
b83e7e78-6121-4540-972c-ac0cf1d88a92,2024-01-01,2024-01-01 17:28:11.000000
77476829-b039-401e-b212-be0afeb5e8c8,2024-01-01,2024-01-01 13:42:30.000000
780da74b-4d9b-4964-87e0-cb9ed689d649,2024-01-01,2024-01-01 18:23:26.000000
4bd09820-6f80-4d60-8ebc-7cef449a6b19,2024-01-01,2024-01-01 12:50:27.000000
365a75a7-9339-48dc-b123-b6c03e45975b,2024-01-01,2024-01-01 18:14:07.000000
6d3aa097-c5e6-4b21-970b-c7d394eabf2c,2024-01-01,2024-01-01 21:18:40.000000
d9d40580-7b88-435d-a57c-dca081826891,2024-01-01,2024-01-01 20:31:14.000000
299a8d97-14dc-4822-8892-40609a0efc4e,2024-01-01,2024-01-01 16:16:17.000000
1f3ec470-1566-444a-bc15-0d80f38a8c84,2024-01-01,2024-01-01 17:14:34.000000
314957a2-f0eb-46a1-99a8-94795690d253,2024-01-01,2024-01-01 16:02:32.000000
95a77c44-0028-4bfb-bb3c-2da3c7f1c05a,2024-01-01,2024-01-01 00:49:06.000000
08ca1a84-f694-410e-9772-fd5c494dc939,2024-01-01,2024-01-01 13:58:08.000000
c2d8cf2f-6809-44d4-b89d-a2a9bfaee197,2024-01-01,2024-01-01 21:35:05.000000
36932400-3773-4f1c-8400-81b6c40aba59,2024-01-01,2024-01-01 10:59:47.000000
2cad3c49-1061-42d7-8d95-e5b496b689c8,2024-01-01,2024-01-01 22:40:57.000000
14cc40f5-a06c-4793-a853-d7a7cdd5fcd6,2024-01-01,2024-01-01 18:35:51.000000
8d3f4196-e107-4b4f-8922-a6356f9a113c,2024-01-01,2024-01-01 11:57:17.000000
5162ffb1-373c-4f5d-8493-0bb505d80e34,2024-01-01,2024-01-01 19:09:02.000000
85a46719-d489-4fa2-8536-b41945580d35,2024-01-01,2024-01-01 17:39:45.000000
185339d9-4c9e-40de-a2a0-804a1bad21c3,2024-01-01,2024-01-01 13:52:54.000000
5b090ead-f37d-46da-a9b1-35ef3e6e7850,2024-01-01,2024-01-01 21:28:07.000000
8780da17-d7b4-4dba-8ef8-aea154f45199,2024-01-01,2024-01-01 14:24:35.000000
e95cfa6f-3fde-4243-9cbd-959432214991,2024-01-01,2024-01-01 19:17:36.000000
5e4e953e-5dbd-4fa7-a482-fbc5f8df6fb1,2024-01-01,2024-01-01 17:34:49.000000
4dfa744b-33a9-441a-9f98-b466c2beabb7,2024-01-01,2024-01-01 12:39:33.000000
dbff0683-656c-42f5-8a10-a7c33ff091b8,2024-01-01,2024-01-01 21:21:10.000000
5d415f78-718a-46aa-8705-04305d763870,2024-01-01,2024-01-01 19:24:27.000000
ea6228de-74c7-4c92-9d56-d7a38e8d60b9,2024-01-01,2024-01-01 22:12:31.000000
d50d704f-5f3c-4f57-9e16-6fc7689b9dea,2024-01-01,2024-01-01 11:59:09.000000
587e5060-f51b-442b-8be1-b994e6db4ef6,2024-01-01,2024-01-01 14:35:03.000000
0d68a948-bdd2-467f-9697-06246e733a72,2024-01-01,2024-01-01 15:37:29.000000
b6c777bb-5343-40d2-bad0-bc1517bfe5e9,2024-01-01,2024-01-01 18:54:22.000000
39b29064-b43e-4fea-8ab0-6d75616013d6,2024-01-01,2024-01-01 19:23:05.000000
181acdf9-a6fc-44da-9764-0f1e61eb5d42,2024-01-01,2024-01-01 18:13:07.000000
18dbb380-5519-4755-b612-97ffba854415,2024-01-01,2024-01-01 18:24:03.000000
89725044-d1e9-4db5-9711-d2941ad93107,2024-01-01,2024-01-01 18:01:57.000000
492a4a41-6768-4acd-b3c4-fe3fa05bf6d3,2024-01-01,2024-01-01 20:30:48.000000
9230c279-a8e6-4854-ab38-6882fbd2e4fa,2024-01-01,2024-01-01 20:14:59.000000
5b2fefef-9dcb-44d4-b25a-4751a9855e48,2024-01-01,2024-01-01 15:58:51.000000
e064aed3-d9ce-4915-bbd9-48b7c3b773e1,2024-01-01,2024-01-01 17:24:57.000000
befde78c-2207-4328-ad64-e04aaa37a3c7,2024-01-01,2024-01-01 17:44:54.000000
2f8a8267-c6f8-4657-bb41-b01890a1bca3,2024-01-01,2024-01-01 21:48:41.000000
2694912b-8aa2-4fd4-8a0e-a70386b33b75,2024-01-01,2024-01-01 14:14:22.000000
c1b22751-bdb3-4f16-8062-4296df6cb273,2024-01-01,2024-01-01 22:20:23.000000
421e28a8-765b-44aa-8db5-1f9cb8da4b5f,2024-01-01,2024-01-01 21:58:56.000000
8b39c2ee-2978-4a29-b767-e78854e1090b,2024-01-01,2024-01-01 20:11:57.000000
2f6ad180-fb02-41e3-a742-d00d085ae1e5,2024-01-01,2024-01-01 15:52:43.000000
82c8831c-3d3c-4e75-88ef-d2971838d623,2024-01-01,2024-01-01 18:08:49.000000
6a0f5496-8793-4a34-a4ed-2b1c33e26367,2024-01-01,2024-01-01 13:06:10.000000
f5587958-a67a-455d-a07c-4e1509a67b01,2024-01-01,2024-01-01 19:09:24.000000
84c8f52f-cb97-441c-9c6a-6265d9445879,2024-01-01,2024-01-01 16:08:26.000000
e4d3ad1e-aea4-4ba8-bcb7-b37870b717bd,2024-01-01,2024-01-01 22:46:11.000000
f4538b3b-49e4-4594-9ad9-a4c154a4374a,2024-01-01,2024-01-01 15:02:57.000000
d16548d3-69c5-4212-bf76-b7dfade56611,2024-01-01,2024-01-01 16:24:30.000000
ac279f67-5034-4257-9420-27c64461c75f,2024-01-01,2024-01-01 19:49:25.000000
05269c37-b256-43c4-954c-90f88a13427c,2024-01-01,2024-01-01 13:57:56.000000
d31eb239-ebd1-4041-b2da-f0bc89521166,2024-01-01,2024-01-01 13:56:40.000000
e948db8c-7dfd-4e24-b20a-be75d3e9a120,2024-01-01,2024-01-01 19:29:07.000000
2c6be923-9aba-46ff-a01e-20c0c04e2894,2024-01-01,2024-01-01 19:29:48.000000
8ea10fd5-b72e-4713-a1d3-0b83d525f4a5,2024-01-01,2024-01-01 12:13:34.000000
86b525b4-56f2-41ee-bde8-c418651b6470,2024-01-01,2024-01-01 14:41:32.000000
13a2d317-03b8-434e-9710-e466c1bb3eea,2024-01-01,2024-01-01 14:11:48.000000
803d48a0-db91-474a-a145-fe1b0620abc8,2024-01-01,2023-12-31 14:04:43.000000
543265d1-27aa-4841-a141-86d90343bda2,2024-01-01,2024-01-01 15:24:05.000000
42a4b561-7a80-4b1d-a561-5d5190aca42b,2024-01-01,2024-01-01 11:20:42.000000
f64b7691-3d23-48e9-819e-5402e7f5fbe1,2024-01-01,2024-01-01 22:54:57.000000
d4b713bc-0063-4fc7-b4ee-1b4336e5313a,2024-01-01,2024-01-01 13:59:14.000000
3beebd68-fe4c-4414-bd1d-4ec671b91e68,2024-01-01,2024-01-01 16:44:23.000000
a1a4199b-9271-4880-96fc-25377401d021,2024-01-01,2024-01-01 17:12:58.000000
e87fbe1d-53d2-47b5-af93-c994a3fc0bab,2024-01-01,2024-01-01 13:06:55.000000
539dc292-e72a-4622-b64d-a699bafa47df,2024-01-01,2024-01-01 19:31:55.000000
93d3aeb3-7e0a-4c85-9401-82eccad7aee9,2024-01-01,2024-01-01 15:02:28.000000
ba3ed311-252e-4ef1-b6c1-a14997ca88ca,2024-01-01,2024-01-01 16:52:47.000000
0115514c-bd7f-447a-8db5-865a379d6dcb,2024-01-01,2024-01-01 12:21:03.000000
353b01ab-453f-47d5-8d5e-9f9e9d6cf54d,2024-01-01,2024-01-01 17:51:20.000000
d575bed3-daea-4473-944d-98083bd3d118,2024-01-01,2024-01-01 13:37:49.000000
293651a0-ffdd-429d-b80a-7712d533ae6b,2024-01-01,2024-01-01 18:38:18.000000
a8f80a5d-5b81-4e71-b18d-0f6a210190aa,2024-01-01,2024-01-01 20:35:19.000000
76f4fb09-9b1c-4f77-abb6-3b855e0321ad,2024-01-01,2024-01-01 20:10:22.000000
48b447d4-fa82-49b2-a3bb-88445888ab63,2024-01-01,2024-01-01 19:41:16.000000
45856292-deca-4c43-b61c-1b65b53b5d49,2024-01-01,2024-01-01 13:02:09.000000
242878b6-3506-49b9-b69f-20ca7b66356c,2024-01-01,2024-01-01 18:06:44.000000
377772eb-250c-4163-84b7-9ccb62b8795b,2024-01-01,2024-01-01 18:36:53.000000
748ba05f-db6f-4245-a980-81e42d3e3f4e,2024-01-01,2024-01-01 15:19:35.000000
5e1d2384-3de6-49cb-b834-e32659a87831,2024-01-01,2024-01-01 18:46:06.000000
b1f03e93-2f22-43e4-be8b-97dbedb0fc22,2024-01-01,2024-01-01 17:11:57.000000
c86132e6-dafe-4f90-99e8-2de1270f4200,2024-01-01,2024-01-01 20:32:40.000000
c9853d0e-9bcc-4191-9344-2ec0dfdbad6e,2024-01-01,2024-01-01 15:08:46.000000
a8a20ae7-4bb0-4475-94cd-99afff47ffad,2024-01-01,2024-01-01 19:18:45.000000
666eb031-a350-4a77-9cab-d16c0de88d91,2024-01-01,2024-01-01 17:07:35.000000
53f44de0-07b7-43c0-931c-87d7baafb7f4,2024-01-01,2024-01-01 16:09:39.000000
527d48e7-1da7-4cb4-be82-fcfe503a683f,2024-01-01,2024-01-01 16:16:01.000000
81fc08e7-f2fb-495b-b0d3-7f7c6f4abd84,2024-01-01,2024-01-01 17:29:39.000000
5cf19bcc-17aa-4da9-9b2c-51e3cf0b653e,2024-01-01,2024-01-01 14:16:03.000000
f4dc182a-ba13-45e3-8c9b-ff934036ea29,2024-01-01,2024-01-01 18:15:46.000000
2e7ecfca-1857-456e-a13b-1a14904d8c23,2024-01-01,2024-01-01 17:18:37.000000
e876fc0d-43bd-4180-a3e1-032788ef0f0d,2024-01-01,2024-01-01 19:15:59.000000
f4fce8a3-3518-42a0-a7da-f1a6abea8bba,2024-01-01,2024-01-01 11:51:38.000000
410a3f7a-a07d-466b-98fc-d1ba13db18d3,2024-01-01,2024-01-01 22:37:13.000000
cd655802-f638-43ae-81f7-1a2c89e22848,2024-01-01,2024-01-01 14:05:31.000000
6301573b-33d6-4280-99fe-eb147ac0c5e7,2024-01-01,2024-01-01 12:20:34.000000
a6287156-8bc6-4c9c-b455-62617369ff34,2024-01-01,2024-01-01 21:59:57.000000
8d29d3e2-f161-41e9-88a9-c8fbdd406e52,2024-01-01,2024-01-01 13:32:54.000000
999aebb1-a9ab-4c06-90be-07425a6fb41c,2024-01-01,2024-01-01 16:53:49.000000
66d3a92d-ecef-422e-8e74-8b957c0ad03a,2024-01-01,2024-01-01 20:14:22.000000
03170289-95f4-48cd-8022-5d100c69f7c8,2024-01-01,2024-01-01 20:17:58.000000
eae9a058-6ece-4064-a3d3-1a2f2433eb5d,2024-01-01,2024-01-01 21:20:23.000000
195e6a78-0e94-4bd6-8516-8dd3eca07296,2024-01-01,2024-01-01 12:37:14.000000
ea3cb60f-93cb-4013-a431-355d2baa5eb2,2024-01-01,2024-01-01 19:49:50.000000
4feed7e8-80dd-4f47-b05e-2da08933bc07,2024-01-01,2024-01-01 13:32:02.000000
b36e22e1-8d67-4a61-a353-4c1198847a79,2024-01-01,2024-01-01 12:30:28.000000
4c03c6cd-53a3-45c3-928e-3196b7ec05c9,2024-01-01,2024-01-01 12:43:40.000000
3f858194-722f-4822-b944-fddee1f707de,2024-01-01,2024-01-01 17:01:49.000000
0415d24d-d5ff-443a-8b2b-c58dad050f86,2024-01-01,2024-01-01 16:44:42.000000
18da363d-5bcb-4382-b600-20f6ce7b1a68,2024-01-01,2024-01-01 13:18:15.000000
3c77057a-a138-4b8e-a27a-326a39c055fa,2024-01-01,2024-01-01 14:09:51.000000
7ec3c167-8056-483b-9654-534e26c9e13c,2024-01-01,2024-01-01 14:50:28.000000
a1b214cf-7173-4df3-8cd0-22908830e1bc,2024-01-01,2024-01-01 14:21:55.000000
bd0c3969-7410-4663-a005-2b4277834cbe,2024-01-01,2024-01-01 14:02:17.000000
73d21322-905b-461e-be91-78b10ecb1bb4,2024-01-01,2024-01-01 11:40:01.000000
0638c277-6f42-4c3b-81a9-c689afd0d2f0,2024-01-01,2024-01-01 19:00:38.000000
f600bf1b-f99d-43a5-9f9b-d5105f789334,2024-01-01,2024-01-01 18:29:23.000000
ca670421-8c96-464c-aa30-22a32bbcf4d7,2024-01-01,2024-01-01 13:32:18.000000
9bcabd8e-a730-4ade-be11-949b3f80d84b,2024-01-01,2024-01-01 13:36:10.000000
52b69fc0-a8e3-4059-aea4-ce2cd155fb21,2024-01-01,2024-01-01 14:20:40.000000
25472475-14d6-461f-9c56-b7322f6ea4fb,2024-01-01,2024-01-01 17:56:50.000000
69df5a7a-dd71-4d50-af8b-274fbf92ba0a,2024-01-01,2024-01-01 13:45:12.000000
2b35cd68-85e3-431d-9fcb-13ea86b214dd,2024-01-01,2024-01-01 13:01:49.000000
54895880-cfb3-4a62-9c97-ee1474656903,2024-01-01,2024-01-01 21:22:40.000000
00b25687-a23e-4fbb-90e4-e416d0faf1e4,2024-01-01,2024-01-01 20:05:01.000000
151271f4-7fab-47bd-8643-86b5a2d2187e,2024-01-01,2024-01-01 15:59:17.000000
37b91bb1-230e-442d-9ccb-3acafa4df100,2024-01-01,2024-01-01 14:03:51.000000
fda68338-0d2c-4f85-abf0-c47362c42453,2024-01-01,2024-01-01 16:01:18.000000
d8225376-66cd-4616-918e-f8576871fae1,2024-01-01,2024-01-01 17:15:40.000000
6b6bbd73-8805-426e-a517-dea94aa351e6,2024-01-01,2024-01-01 13:11:17.000000
3692506c-af07-4a98-8271-6a6c863a816a,2024-01-01,2024-01-01 12:05:26.000000
c3488e63-3cde-442a-b7ca-25df8b910839,2024-01-01,2024-01-01 11:18:54.000000
9a44b857-48ad-496d-aea6-a326766b4ebb,2024-01-01,2024-01-01 16:07:29.000000
f00c736e-65d1-4cb0-afac-644a28a42f36,2024-01-01,2024-01-01 14:29:21.000000
748dc8cd-0f84-40ce-9102-6da3d0a4ee8d,2024-01-01,2024-01-01 13:17:34.000000
42c74884-0a0b-4a35-b6e7-358f91f04d01,2024-01-01,2024-01-01 11:48:40.000000
d239ef76-d877-4b00-af3f-6793dc7c8225,2024-01-01,2024-01-01 15:56:37.000000
d1883213-cfe8-41b4-b38f-67bf29eaae62,2024-01-01,2024-01-01 16:57:50.000000
92faaf23-f6cb-4153-a6f5-d2e23b7aaede,2024-01-01,2024-01-01 17:47:19.000000
8f519b94-4f46-4aa3-bb73-1913acb910e3,2024-01-01,2024-01-01 18:41:13.000000
9b9ea3a7-64b3-4276-9b9d-22096ff4883b,2024-01-01,2024-01-01 12:25:43.000000
418243e0-c2b5-40d0-87db-67fd7079cf9a,2024-01-01,2024-01-01 13:26:51.000000
bb4017df-ce08-4c64-8540-eafe6e17ee88,2024-01-01,2024-01-01 18:55:39.000000
ad989882-3ade-4e59-8f1b-550e9545bf50,2024-01-01,2024-01-01 15:12:52.000000
86bef399-11d3-4c6e-ae8f-3b0b1791242a,2024-01-01,2024-01-01 21:48:53.000000
e72ee834-3f6a-461e-b3ce-cf58fa001aed,2024-01-01,2024-01-01 13:05:51.000000
05db63a2-d272-4113-97d6-7d9652661f13,2024-01-01,2024-01-01 14:54:30.000000
046dd185-e034-4658-a3da-d4324a6f8a03,2024-01-01,2024-01-01 12:16:37.000000
a8a67869-5101-4480-91cc-1ce66d06ab9c,2024-01-01,2024-01-01 15:37:48.000000
a7f0983f-9754-4843-ba88-36b88a084858,2024-01-01,2024-01-01 21:23:18.000000
e122383c-8c2d-4253-a313-3634f9f85a4c,2024-01-01,2024-01-01 14:58:27.000000
10f69242-847d-4c9d-95f4-2ed2d41f41ff,2024-01-01,2024-01-01 19:58:20.000000
7de02b0a-cbe6-43d9-838a-eabede4afe45,2024-01-01,2024-01-01 16:37:17.000000
05333574-cc93-449c-b866-98fbf9546be6,2024-01-01,2024-01-01 17:44:11.000000
7df06393-ba75-47b1-b9b5-08c3b49c416e,2024-01-01,2024-01-01 11:17:50.000000
0caeb3a7-c4ff-413b-9723-87d2b82617cd,2024-01-01,2024-01-01 15:41:46.000000
6033ec54-34a7-4362-ace3-301596c03bbe,2024-01-01,2024-01-01 14:00:23.000000
8b262f60-c088-45cb-97b2-64b5343867de,2024-01-01,2024-01-01 13:08:42.000000
be1659e8-0892-4909-a1ea-a151314aa240,2024-01-01,2024-01-01 17:21:08.000000
26b2f432-cd22-4adb-9df2-2c15e573c809,2024-01-01,2024-01-01 17:59:50.000000
fce40a30-c150-4655-81b3-a61285ce6888,2024-01-01,2024-01-01 19:52:12.000000
0b2eb806-3f2e-45e7-80f9-d08814f77110,2024-01-01,2024-01-01 22:25:45.000000
9dea8648-aa2f-41cc-92a9-8813877d8e27,2024-01-01,2024-01-01 13:57:52.000000
a6ab0d0a-2ec2-44ff-8a40-e3aa4ecf569c,2024-01-01,2024-01-01 20:21:01.000000
59d76a71-9a75-413b-b0dc-01bbc5ac940b,2024-01-01,2024-01-01 16:29:26.000000
d2340b08-fc85-46ab-abd8-8a69f4117af7,2024-01-01,2024-01-01 11:37:09.000000
4f902899-e1ee-4d1c-882f-fbf1baaeaa72,2024-01-01,2024-01-01 14:26:35.000000
edae1142-6bd5-4296-9dc6-8b72f37b0163,2024-01-01,2024-01-01 13:55:59.000000
ca6257e6-8e47-4a56-8c9e-194f0123bc8e,2024-01-01,2024-01-01 17:01:07.000000
59c8c935-2433-4dc6-a817-c708cfdf959a,2024-01-01,2024-01-01 11:02:14.000000
374d338f-6f2e-4370-8ead-d3bd13b2f14a,2024-01-01,2024-01-01 18:52:02.000000
32160f50-d325-4766-ba22-79de42b22208,2024-01-01,2024-01-01 10:00:55.000000
e51771d6-069a-42ed-bd1a-3036633ea1b1,2024-01-01,2024-01-01 17:44:43.000000
b46ef0bd-f66c-4c46-ad84-35d8ef59ad65,2024-01-01,2024-01-01 14:35:30.000000
0bc6693d-f12e-4d3f-858e-d3e596522012,2024-01-01,2024-01-01 19:55:40.000000
5859a036-46d3-4e87-b2cc-dea99b2ef283,2024-01-01,2024-01-01 12:24:27.000000
a166cb12-aca6-4efb-831c-b6e181bcaec5,2024-01-01,2024-01-01 18:46:29.000000
0288d159-73fa-4dd5-a263-cf5f1e27d8a5,2024-01-01,2024-01-01 15:48:02.000000
05004b53-1610-4963-ab2a-a0ae576b06ad,2024-01-01,2024-01-01 15:16:51.000000
5ffb7284-1ba3-459d-b26f-bb63186dda9f,2024-01-01,2024-01-01 21:28:13.000000
cd6de2ed-690b-42fc-bb03-25f89f0e2d55,2024-01-01,2024-01-01 15:11:10.000000
44295f9c-95bf-458c-9447-18f0d69a2aaa,2024-01-01,2024-01-01 14:48:47.000000
f16d3c54-92e6-496f-a3ec-bd02d311a318,2024-01-01,2024-01-01 15:14:10.000000
0766e264-adce-4e92-bb90-b222f70692b8,2024-01-01,2024-01-01 13:58:32.000000
764ed730-8fb4-44f4-8280-d1867cff327e,2024-01-01,2024-01-01 18:08:21.000000
207fdbf4-ad79-48c9-91b9-bd57194ef516,2024-01-01,2024-01-01 13:31:38.000000
66d2c704-11a2-4fc6-b85e-3779e4f4b42f,2024-01-01,2024-01-01 13:05:41.000000
3c29f693-4c99-43c0-9d0d-8d2bcf2c531d,2024-01-01,2024-01-01 13:27:25.000000
cdb62d46-0291-4ea7-92fe-427ce1d8fc9c,2024-01-01,2024-01-01 17:08:50.000000
9d375098-81b9-44c4-bc97-242518912ce5,2024-01-01,2024-01-01 19:15:09.000000
79da883c-f2be-4208-8cf4-2970bb9bc20d,2024-01-01,2024-01-01 19:18:03.000000
a702cd84-0e5e-403f-9dc0-4ed900464701,2024-01-01,2024-01-01 16:11:22.000000
5cd49f7b-6145-4a59-b8b3-3b7835932e1e,2024-01-01,2024-01-01 16:54:50.000000
ee9dd897-2fdb-4203-a679-0632372f90cb,2024-01-01,2024-01-01 12:53:23.000000
9d3ed4c3-2f6b-469f-833e-5d414676968f,2024-01-01,2024-01-01 18:34:37.000000
95c40a9c-c789-4a93-be59-c674cd89bebe,2024-01-01,2024-01-01 22:16:24.000000
8b6dfa21-d007-42f1-98ea-c4d4a9f022e9,2024-01-01,2024-01-01 16:57:43.000000
04a47ce7-3f4a-47d0-9b36-90a356a38432,2024-01-01,2024-01-01 17:35:14.000000
b760128d-0452-44fe-9c2f-abeb34b74e85,2024-01-01,2024-01-01 19:13:36.000000
a172f604-0034-41d0-8f5b-4f9266ac1c05,2024-01-01,2024-01-01 22:04:49.000000
4c4bf3ed-56b9-49ea-855d-c40ce7210f7e,2024-01-01,2024-01-01 14:05:33.000000
92b25112-97a0-4d86-a8fb-11b91dd0e0ac,2024-01-01,2024-01-01 14:05:53.000000
53537a44-6571-4c70-a501-14ac0305bcdf,2024-01-01,2024-01-01 12:48:59.000000
707cfa68-a05f-4ddb-8d41-3fa65347c869,2024-01-01,2023-12-30 19:57:37.000000
4fccc509-4f2e-405f-bfb6-f1801bb38ce9,2024-01-01,2024-01-01 18:04:50.000000
f83ff1c1-5a43-4037-8ace-d7491535f4b4,2024-01-01,2024-01-01 18:56:49.000000
0d99ceef-feeb-4a05-a697-a283158c92b4,2024-01-01,2024-01-01 16:41:57.000000
531141a7-70b8-4fef-b5d2-4a50ee32f723,2024-01-01,2024-01-01 12:15:57.000000
5db421f8-f76e-48d6-9780-42f439089136,2024-01-01,2024-01-01 15:00:18.000000
8b7c9ea6-afeb-4b79-ac75-1b6909389a5c,2024-01-01,2024-01-01 22:16:29.000000
3dd909bc-a215-4466-8bd6-5b3ec639abc3,2024-01-01,2024-01-01 13:22:54.000000
bfc9ee62-261d-4f43-ab94-968c52e47241,2024-01-01,2024-01-01 12:50:10.000000
40b8e5ad-4c74-4918-af50-7925f9516937,2024-01-01,2024-01-01 12:29:31.000000
e98633df-c88b-4830-8aab-f99998784092,2024-01-01,2024-01-01 20:25:07.000000
e11c882b-76f2-4ad8-bed3-6913f2529b1d,2024-01-01,2024-01-01 13:07:59.000000
f2b146ac-1aa3-4e46-83b2-0ef9aaf24ad4,2024-01-01,2024-01-01 21:22:24.000000
c5c0b0ee-b439-44e9-8f17-37916d266eac,2024-01-01,2024-01-01 21:07:03.000000
5bce4288-1dda-4d36-b7c1-92f475bdfe16,2024-01-01,2024-01-01 21:37:16.000000
29b8a26b-fbda-4170-925f-6ea93ca47ef7,2024-01-01,2024-01-01 20:27:51.000000
1bd59d8c-5de2-4bde-a0a3-e52c5fa25cc4,2024-01-01,2024-01-01 17:23:49.000000
6bf9f752-cf28-4ab4-b334-73871d1d8172,2024-01-01,2024-01-01 16:46:02.000000
a5eb3b75-85d6-4a60-a47b-2fd420ace724,2024-01-01,2024-01-01 20:08:44.000000
c858530d-32f9-4df0-b61e-6f987443ea8c,2024-01-01,2024-01-01 16:42:03.000000
b2729ec2-1bf2-471b-98c5-971f597272f5,2024-01-01,2024-01-01 20:45:44.000000
a6c69f3c-62ef-497b-a64e-f7d74af269f3,2024-01-01,2024-01-01 17:38:03.000000
2f1011b3-aea7-4a0e-8af5-72a615e74af4,2024-01-01,2024-01-01 16:15:36.000000
e88efd8a-f7d1-4055-8c58-d77f29a50099,2024-01-01,2024-01-01 14:39:59.000000
3ebfa32f-4ef1-462e-abc5-f1fb3152f8a8,2024-01-01,2024-01-01 18:35:54.000000
320f9e60-730e-4f1b-b885-6d81d1358e51,2024-01-01,2024-01-01 16:13:12.000000
ab851098-f278-470f-8943-3b10c7f96f3d,2024-01-01,2024-01-01 16:48:33.000000
c866531b-5cde-42f3-80d5-d77ec57ceb99,2024-01-01,2024-01-01 20:33:32.000000
696ad694-f6b3-4004-8e27-205500e9df07,2024-01-01,2024-01-01 15:53:35.000000
74e2940b-f51b-4725-a678-594a25c28dd0,2024-01-01,2024-01-01 03:49:42.000000
fa9a9506-e613-4cd3-9a2a-1ecc2c634357,2024-01-01,2024-01-01 13:41:24.000000
540f4ab1-e347-41df-aff4-503552b0f636,2024-01-01,2024-01-01 14:00:27.000000
e6d76065-6a5b-4557-8c68-82e6fbf2d37e,2024-01-01,2024-01-01 19:51:53.000000
2c28b768-2ea9-4219-a63b-421e0ecb7119,2024-01-01,2024-01-01 11:34:20.000000
9595c4a5-4c9a-49a1-86f6-eaeb6e1d57dc,2024-01-01,2024-01-01 10:34:51.000000
1212a5ad-5987-4203-bb26-68b72bb3551c,2024-01-01,2024-01-01 16:49:24.000000
c51c9bee-4ab8-4d3a-aee8-46296bb64cf7,2024-01-01,2024-01-01 18:22:03.000000
3a8232d5-220e-46f7-a492-03adf0cbe04a,2024-01-01,2024-01-01 14:02:27.000000
7addc681-4e94-4560-9d27-47b35006edee,2024-01-01,2024-01-01 14:29:47.000000
633ab301-489b-4bba-900b-17dd251c8d25,2024-01-01,2024-01-01 21:30:32.000000
88a90402-6ab2-4f22-8333-b59a56e8c939,2024-01-01,2024-01-01 18:14:34.000000
8bfa0407-9a94-47f3-afcc-1ed4c3a6ea4b,2024-01-01,2024-01-01 16:56:09.000000
f54f3ff1-28b3-470d-b389-a2c4f5942442,2024-01-01,2024-01-01 13:17:18.000000
b8e181ac-120e-43c1-9a67-8c5c95423046,2024-01-01,2024-01-01 21:34:58.000000
b141f5ba-9379-4800-95b9-de7b64826269,2024-01-01,2024-01-01 13:00:32.000000
def88b0c-9fab-4a11-8e30-d46e9c6ec362,2024-01-01,2024-01-01 20:41:34.000000
f33c9723-350b-4285-808c-e0356ed41966,2024-01-01,2024-01-01 22:41:12.000000
a6f3e7de-de8f-4668-b02f-ebca2ebc5e89,2024-01-01,2024-01-01 16:13:26.000000
e37ec19d-c9f9-493d-abf4-c4bb8d666f6d,2024-01-01,2024-01-01 16:03:28.000000
5de73116-5085-47db-89e0-6ebd973b4578,2024-01-01,2024-01-01 12:55:23.000000
c8708385-e011-40a7-9fe9-8844fe1c7ec0,2024-01-01,2024-01-01 14:22:42.000000
9e20d806-590d-4544-ad9a-b3406f5bfc6a,2024-01-01,2024-01-01 20:18:22.000000
152eb06b-e43f-4adc-b373-90dff007f660,2024-01-01,2024-01-01 15:32:29.000000
f809fd39-9453-48c7-b880-daf14d91707b,2024-01-01,2024-01-01 18:09:59.000000
71bbc9de-e2d6-4e75-a39d-7259170d06af,2024-01-01,2024-01-01 16:49:34.000000
1ea60f2c-f404-44c0-ac93-f376a7533c58,2024-01-01,2024-01-01 21:27:45.000000
7788b57c-b45a-41f8-b16e-5ceb3137c073,2024-01-01,2024-01-01 22:14:25.000000
4f16d3e3-ff35-42ab-b312-672c8d2606ce,2024-01-01,2024-01-01 16:20:00.000000
261b04ac-cd38-48d1-9a31-d5a5faee113e,2024-01-01,2024-01-01 18:12:51.000000
15847a42-2caa-4f3c-9984-0f0d7ecdcdc7,2024-01-01,2024-01-01 20:04:48.000000
cc4003a1-2e41-44f5-a46c-de79a4268658,2024-01-01,2024-01-01 22:27:51.000000
83cdd6b7-c9b1-4da7-bba1-9147d55f98b2,2024-01-01,2024-01-01 23:14:50.000000
de56dd80-8018-4529-9b18-724e4d619cd3,2024-01-01,2024-01-01 22:31:22.000000
1f922b25-f2d9-4ba8-98af-6f248c0cd544,2024-01-01,2024-01-01 21:40:39.000000
096f3350-c960-4036-a6ba-4594529fd358,2024-01-01,2024-01-01 14:13:13.000000
aafcaa0b-9834-4490-a96d-6bf381b4a71e,2024-01-01,2024-01-01 13:26:53.000000
405dc70c-4f9d-4eff-987d-868133979887,2024-01-01,2024-01-01 16:29:33.000000
7516dad4-c6c0-4e0b-9aab-4dfc7cb94219,2024-01-01,2024-01-01 21:17:21.000000
40573006-fb68-4a34-9a2c-14c5ae40a6c5,2024-01-01,2024-01-01 13:44:27.000000
111968ea-19e9-4210-9112-8b896e5318a6,2024-01-01,2024-01-01 22:25:57.000000
811cbf7a-bf7c-41d0-bc93-a46e20fea831,2024-01-01,2024-01-01 20:56:32.000000
70c50c0f-5699-4dd8-b67e-28454722d737,2024-01-01,2024-01-01 20:02:24.000000
8ea2e9dc-8b28-4955-827c-5f98c15ef181,2024-01-01,2024-01-01 12:23:55.000000
eb507e63-0574-4ce6-8aa7-7c076c7059f9,2024-01-01,2024-01-01 18:59:04.000000
20b2cf26-9ae4-467d-9faa-0ca1be463049,2024-01-01,2024-01-01 12:18:57.000000
de7ee64a-e76b-43ce-845e-2f41b471f58e,2024-01-01,2024-01-01 15:38:39.000000
84442122-26bd-4c18-beaf-e28a8790d1c6,2024-01-01,2024-01-01 15:11:38.000000
64bda4c6-148b-4f12-b25c-2f9507af01d6,2024-01-01,2024-01-01 20:07:42.000000
a8afb71a-6cbb-4541-b0a8-4c4602d9d5eb,2024-01-01,2024-01-01 18:32:34.000000
44cd811d-76d8-47f2-b85a-3448e82fb9f6,2024-01-01,2024-01-01 18:49:10.000000
eb3908d4-a681-414c-9a46-c46ad4ad50bd,2024-01-01,2024-01-01 17:55:25.000000
52ee60df-46d9-47aa-b125-73fa3a4ec780,2024-01-01,2024-01-01 19:18:51.000000
6324bd36-d39c-4eff-939c-4ef23a76694d,2024-01-01,2024-01-01 17:02:09.000000
a7b7f432-21fd-4f5e-927c-7bd36cddc382,2024-01-01,2024-01-01 15:48:23.000000
ef83e66f-9162-4f42-89b5-e0a2702070bc,2024-01-01,2024-01-01 21:51:12.000000
735947c6-9798-41ab-8c8c-473b2caa4668,2024-01-01,2024-01-01 17:20:40.000000
06d26e68-7f11-447c-b8f7-4e37ed607a5f,2024-01-01,2024-01-01 23:58:01.000000
36003fde-3178-42f9-907d-099de21b316f,2024-01-01,2024-01-01 18:43:03.000000
7d14551f-70fd-4588-ae4e-4aaa5c187e23,2024-01-01,2024-01-01 19:31:23.000000
9a76d1ac-ee31-49ce-aec4-2b5df1c2a8c3,2024-01-01,2024-01-01 13:38:15.000000
9959b383-f53e-49ac-8355-cc91447213cc,2024-01-01,2024-01-01 15:49:24.000000
b8fb672f-07ca-4e90-a436-bb3ce98be55a,2024-01-01,2024-01-01 13:23:58.000000
7b8068b7-c166-4d03-a360-3f539a0a3c07,2024-01-01,2024-01-01 21:47:43.000000
f209701f-2928-40ad-8810-8f6b2b980e33,2024-01-01,2024-01-01 21:12:28.000000
4b06de7f-0075-4b6f-94c8-c74ff6dfea1c,2024-01-01,2024-01-01 12:13:09.000000
6a316953-a21b-4174-9094-1b72903bcda4,2024-01-01,2024-01-01 18:35:33.000000
747ee61e-f75b-4cc5-ae61-dc899b271045,2024-01-01,2024-01-01 20:46:12.000000
57e4b5bf-a7ed-4469-b673-cec60c1d973a,2024-01-01,2024-01-01 14:05:12.000000
93d5ca87-627d-40ca-9f81-3afe0018726f,2024-01-01,2024-01-01 15:42:03.000000
b2a93049-6b47-497d-bc06-5d068d29c388,2024-01-01,2024-01-01 11:00:09.000000
6220377f-946e-43c4-9cc5-54430c7398be,2024-01-01,2024-01-01 14:58:05.000000
fab763ac-6f23-481c-97d9-299a848ab308,2024-01-01,2024-01-01 17:00:12.000000
65a6836d-2cc2-4dfe-a2da-6201367dd5ef,2024-01-01,2024-01-01 21:19:56.000000
49177fb4-8a84-4718-81f0-868851875ce5,2024-01-01,2024-01-01 18:36:35.000000
71ad3846-7c77-4f86-b6b2-f38e92a22c57,2024-01-01,2024-01-01 23:30:09.000000
93db34dc-ab08-4047-8754-0334466a07b2,2024-01-01,2024-01-01 22:52:11.000000
84170736-c0e8-447a-9e73-4134172504b0,2024-01-01,2024-01-01 11:51:28.000000
1373d36c-e6ab-4921-a2ae-0ae12366780c,2024-01-01,2024-01-01 13:01:03.000000
340b3263-f4cc-4375-b885-27bfa0f298ec,2024-01-01,2024-01-01 16:45:28.000000
7c87fbce-bdc9-459a-8224-6c35063af68a,2024-01-01,2024-01-01 22:53:39.000000
d1eb6382-9ad0-4c84-9c6f-e07adf247225,2024-01-01,2024-01-01 13:30:09.000000
e66a225e-4a7f-46e2-92f7-4f414d3ebd7f,2024-01-01,2024-01-01 10:50:49.000000
37ccb731-5c3e-48e2-a76a-b331332594f6,2024-01-01,2024-01-01 18:41:49.000000
8657e07f-9f1f-49c6-9fa4-38febb720389,2024-01-01,2024-01-01 18:52:35.000000
5277f688-21cf-49c7-8532-e7a837717ccc,2024-01-01,2024-01-01 19:48:50.000000
a7d796be-0afa-45f1-bacd-9645145829c7,2024-01-01,2024-01-01 18:52:06.000000
5a963dc2-6791-4cbf-8440-2de150123180,2024-01-01,2024-01-01 12:21:20.000000
007319d6-eff7-49dc-8d3d-f1b0ba08aab1,2024-01-01,2024-01-01 12:15:03.000000
a5200b6e-adc6-423e-b6d7-27527d372b58,2024-01-01,2024-01-01 14:47:28.000000
6ffb1ce1-f63b-48ea-a01e-14cb5244950d,2024-01-01,2024-01-01 12:53:56.000000
b666e029-5a93-4721-9d4d-acb43f9626fa,2024-01-01,2024-01-01 16:46:29.000000
776dad03-a692-41b9-bfa8-840dbfd280dc,2024-01-01,2024-01-01 18:58:04.000000
3aab7018-ba60-4c0d-bc44-5f8947b3861b,2024-01-01,2024-01-01 21:16:48.000000
68ebbda8-50ec-466d-8406-2028f7bb11a1,2024-01-01,2024-01-01 11:33:41.000000
eeddfd37-3eb1-42c5-a04b-29f91496dd3a,2024-01-01,2024-01-01 21:35:07.000000
a573fa14-72b6-48f5-9acb-b97e58febf35,2024-01-01,2024-01-01 22:07:28.000000
bcf88d6c-10c2-41ea-a643-9ebacd3fb756,2024-01-01,2024-01-01 12:26:46.000000
e1a71a0e-7118-4fea-8c96-f30039a14c43,2024-01-01,2024-01-01 12:11:34.000000
396dfb4f-bc52-45b4-a171-713b1c264ae1,2024-01-01,2024-01-01 14:56:28.000000
a29ab090-4d89-4c91-99ae-c7d6743d04d5,2024-01-01,2024-01-01 13:53:40.000000
e7f5d4d0-9ded-4765-a786-62a114f797b2,2024-01-01,2024-01-01 19:08:39.000000
7dc76fcf-00a1-4557-ab86-e0b0a45d84c0,2024-01-01,2024-01-01 16:28:41.000000
0d46fc99-5f37-4fb8-83f0-30a92cd960ef,2024-01-01,2024-01-01 20:17:37.000000
a939fef7-b53d-429b-87fc-e2b0cf772c58,2024-01-01,2024-01-01 15:13:00.000000
ea76d087-3bec-47fb-b30e-0175e93d044b,2024-01-01,2024-01-01 12:10:02.000000
88214850-276b-436a-9c08-1ba84e6b19e7,2024-01-01,2024-01-01 20:28:06.000000
6ce24c1e-57e0-407e-97b6-22ea736d9ab2,2024-01-01,2024-01-01 17:24:57.000000
e41cfc86-7262-4d45-8e98-a6c2b5e16094,2024-01-01,2024-01-01 17:46:15.000000
12d04705-5271-4f41-949b-185c824ecdb3,2024-01-01,2024-01-01 19:04:46.000000
c175bac5-1130-48c3-87e9-b894d89965da,2024-01-01,2024-01-01 17:26:15.000000
670571a2-8eb8-4f48-b232-f37bac18a5fb,2024-01-01,2024-01-01 12:11:01.000000
69fbe6c4-c454-4413-a7cf-d5373a7c298d,2024-01-01,2024-01-01 16:47:24.000000
93f9233b-ddf8-46fb-bcc4-d0aa8f33773c,2024-01-01,2024-01-01 19:08:55.000000
097f6046-5e3d-4dbd-8bd0-ca0e829b4d33,2024-01-01,2024-01-01 14:01:37.000000
48e53c4e-7724-4e70-b8c0-f999092379db,2024-01-01,2024-01-01 20:18:39.000000
136650dc-f8f4-49e7-bd0d-9bb3064e12dd,2024-01-01,2024-01-01 17:41:07.000000
aa477f24-0ab3-4c3c-a682-fc0e73e4c18e,2024-01-01,2024-01-01 17:23:35.000000
57d8f53a-8317-44e3-867f-9e031a817402,2024-01-01,2024-01-01 22:23:24.000000
ebfa075c-894f-45b5-a6d5-a3721178ffec,2024-01-01,2024-01-01 17:54:57.000000
f91b12fe-8959-4aca-8dcc-00335bcf9553,2024-01-01,2024-01-01 16:00:01.000000
8209f96b-cd93-4645-a552-fff49f4c3c32,2024-01-01,2024-01-01 19:36:57.000000
a676d739-8589-4511-a2f7-527b144b9473,2024-01-01,2024-01-01 17:35:49.000000
af219edd-894c-4613-804b-26ec75a92704,2024-01-01,2024-01-01 12:23:31.000000
71a6d330-4c71-4acb-a995-c9d950322bf3,2024-01-01,2024-01-01 21:04:34.000000
c68e87b9-44a5-4b0e-87b9-3f550e0ac212,2024-01-01,2024-01-01 12:55:06.000000
9dd595d9-3526-4898-8061-b599b697e598,2024-01-01,2024-01-01 14:29:40.000000
5e7676ab-cb8f-4887-9dec-9b750a8cf61a,2024-01-01,2024-01-01 22:33:55.000000
807b3a64-477a-45d7-b068-0ce22c6164f5,2024-01-01,2024-01-01 13:12:24.000000
cbafabf2-8a9b-4848-889e-886f7e422d82,2024-01-01,2024-01-01 13:58:44.000000
9736a98f-8043-43a8-81a7-47cd4ebefd86,2024-01-01,2024-01-01 13:35:43.000000
833e850b-5228-4287-b2b5-92e51a379207,2024-01-01,2024-01-01 17:22:17.000000
18d53b63-62e9-4347-8dc5-19e32a87bc97,2024-01-01,2024-01-01 17:23:51.000000
959b15ec-8b41-4fb8-b3af-2d54d63c5081,2024-01-01,2024-01-01 21:17:35.000000
08bbd00f-d33f-4082-946f-028f0afea0e8,2024-01-01,2024-01-01 17:52:01.000000
8e3a0971-1331-4180-9518-b7d06dbea66d,2024-01-01,2024-01-01 16:21:23.000000
41c83a3b-6375-4f83-8f9e-df93dbd526dd,2024-01-01,2024-01-01 14:35:52.000000
0e087f54-2e65-45d6-85f1-81f4def3a138,2024-01-01,2024-01-01 17:23:57.000000
762f5153-8b2b-42f9-8dfa-b70a9262a390,2024-01-01,2024-01-01 13:11:33.000000
5a73f472-7d51-4ed8-be2e-7453ebf32146,2024-01-01,2024-01-01 14:50:48.000000
0061cb34-e204-49b2-8b7b-02c3ac7404ba,2024-01-01,2024-01-01 20:09:11.000000
b55f445c-b8e6-4e57-8cd8-9b836bee4c80,2024-01-01,2024-01-01 18:03:58.000000
fbcb46d1-78c8-48b0-990e-c2aecbcfd330,2024-01-01,2024-01-01 12:03:40.000000
a9b179e8-6c5c-4323-a31a-eb78bd4ad917,2024-01-01,2024-01-01 13:28:58.000000
96fa2652-2183-469b-b080-929801acb4f0,2024-01-01,2024-01-01 15:32:43.000000
a84f1c0f-f6ea-4a59-9edd-88878fd355eb,2024-01-01,2024-01-01 15:07:49.000000
97aeb442-c21e-4681-8e91-1b164af190a8,2024-01-01,2024-01-01 10:54:25.000000
416fe981-6522-4deb-ab04-ca39b31ddf05,2024-01-01,2024-01-01 13:41:15.000000
ead47c7f-6745-40aa-93d7-654897c7d783,2024-01-01,2024-01-01 18:54:52.000000
c96e6981-60ed-45e3-9e3e-1f9bd5cd95a3,2024-01-01,2024-01-01 22:27:55.000000
2e4b47ce-d1db-4838-b73f-1dc8b14532ee,2024-01-01,2024-01-01 18:28:20.000000
281263d9-5457-4d1a-8ca1-b41c2f957196,2024-01-01,2024-01-01 14:06:37.000000
d5e3add9-3173-482c-a092-a9b2256b4612,2024-01-01,2024-01-01 18:08:49.000000
7d4849ee-73e7-4f58-8e48-5ed81538eab7,2024-01-01,2024-01-01 17:49:18.000000
67774355-6b96-4ee4-b7ae-2553e23f1cdd,2024-01-01,2024-01-01 15:27:23.000000
8eacba02-a171-4538-bab5-f4716dc757d6,2024-01-01,2024-01-01 19:22:37.000000
33fa5812-2047-4a59-9caa-8484887e3671,2024-01-01,2024-01-01 14:22:30.000000
b1ad839d-5283-4894-b977-d8e630e617a4,2024-01-01,2024-01-01 19:19:39.000000
efa8518b-5492-4a41-bfd7-ed098c85f4b7,2024-01-01,2024-01-01 16:12:22.000000
95d40558-c496-4881-af63-8ae1f7139854,2024-01-01,2024-01-01 21:13:42.000000
3a5d7822-064a-482e-9927-36c895dc9b13,2024-01-01,2024-01-01 14:24:58.000000
64850122-2f16-4d79-9a30-b59804be450c,2024-01-01,2024-01-01 22:50:01.000000
d290d8fc-6f20-4f68-ab35-7747b645cddc,2024-01-01,2024-01-01 17:39:32.000000
2126f0bf-c4c2-4ed2-b7df-b80cc3b94803,2024-01-01,2024-01-01 21:04:13.000000
6d71ca9b-20c9-4cc0-b916-c753b7ee4645,2024-01-01,2024-01-01 14:19:29.000000
73405be9-52c0-43f7-9fcc-5de372783256,2024-01-01,2024-01-01 21:13:22.000000
bc49469c-7ecd-4e7d-823f-4b9444524871,2024-01-01,2024-01-01 16:37:26.000000
26803395-734b-4aa1-b697-cfaf01cc4a77,2024-01-01,2024-01-01 19:44:01.000000
c00e913a-fc46-46e8-b904-28b38726a253,2024-01-01,2024-01-01 19:03:20.000000
58e71e80-c0f9-41cd-b6df-4c3754a5d28f,2024-01-01,2024-01-01 19:35:27.000000
b5bb0c18-c4d9-4a5c-ad58-0a92757cb6b8,2024-01-01,2024-01-01 12:46:44.000000
c6803d34-f8a7-4848-a3f4-550ddb87692c,2024-01-01,2024-01-01 11:28:09.000000
0edb189f-0e50-4d0a-a936-1b64c523145e,2024-01-01,2024-01-01 20:47:14.000000
c168614e-f5a9-44ba-9605-c329532f087b,2024-01-01,2024-01-01 16:25:48.000000
a6923892-4d87-4fed-888e-852567c7509d,2024-01-01,2024-01-01 15:15:40.000000
d8b3bf48-4888-4c28-8d86-28df7f8f1056,2024-01-01,2024-01-01 14:25:33.000000
da45db04-52a0-4071-8700-0be1580b1060,2024-01-01,2024-01-01 13:01:09.000000
e86edf3c-4e44-48d3-aaae-395ae840a668,2024-01-01,2024-01-01 17:53:18.000000
d4aac4e6-0544-4b9f-8605-5279ce768aeb,2024-01-01,2024-01-01 12:11:01.000000
5f9eb448-9391-42d6-9829-4bf8ae52fb58,2024-01-01,2024-01-01 22:18:47.000000
c2f6a3b0-9f67-433e-b9cd-7a63b692f184,2024-01-01,2024-01-01 14:03:44.000000
7b842dbb-f677-487e-9ab3-3eda93733b49,2024-01-01,2024-01-01 18:45:56.000000
d8f42756-f6cf-4a96-b8e8-e9795bb202b4,2024-01-01,2024-01-01 14:52:16.000000
79194db8-c644-43b9-9731-e6c2bf3647eb,2024-01-01,2024-01-01 13:38:26.000000
15952127-b2a8-45fc-a883-bbf46ad5aa4d,2024-01-01,2023-12-30 09:14:46.000000
19093a46-1d23-4247-82cc-ab2c18ea08be,2024-01-01,2024-01-01 16:05:21.000000
008a35b3-7b32-4b9f-a6df-1e02e9f3fdbf,2024-01-01,2024-01-01 15:04:46.000000
aea63247-88f0-44c3-98ca-020c88d1f6a2,2024-01-01,2024-01-01 14:04:03.000000
d198d501-7924-4329-ad79-c95b4eae1dd7,2024-01-01,2024-01-01 16:22:31.000000
72688a8d-f127-4d03-8812-ec63e9aaa218,2024-01-01,2024-01-01 15:30:01.000000
63a0a7f2-ac1f-46f3-bea7-f26d195e3fdc,2024-01-01,2024-01-01 11:17:45.000000
c7412565-6b26-4c2d-8396-de749f65e912,2024-01-01,2024-01-01 15:29:34.000000
830cdf5a-716b-4124-96a7-bb064305218e,2024-01-01,2024-01-01 19:17:37.000000
24371bf8-278e-4b6c-9be2-834f4168025c,2024-01-01,2024-01-01 20:47:28.000000
9272dcde-7565-45ed-a821-b73c2a41c3f7,2024-01-01,2024-01-01 13:23:44.000000
9ab1bb46-63ce-440a-ab04-b1e2913daed9,2024-01-01,2024-01-01 11:45:21.000000
afc7d4d7-33da-40a6-8d30-d19769691f2a,2024-01-01,2024-01-01 18:07:48.000000
5adae363-6f2f-47a1-9619-eecae9549e53,2024-01-01,2024-01-01 19:15:38.000000
40aa7d76-396f-44ab-bcdc-6e49aa286a63,2024-01-01,2024-01-01 14:43:06.000000
249a25dd-85c1-46d3-aa83-ae3186a804c7,2024-01-01,2024-01-01 13:24:33.000000
